{
  "description": "A non-rigorous description of Amethyst's custom-made epic spells'",
  "Name": "Epic_Spellbook",
  "materialType": 3,
  "steps": [
      {
          "title": "Necromancy",
          "content": "Soul Eater"
      },
      {
          "title": "Enchantment",
          "content": "EmmieDeification"
      },
      {
        "title": "Enchantment",
        "content": "Divine Dreamscape"
      },
      {
          "title": "Transmutation",
          "content": "Mass Cutification"
      }
  ]
}