{
  "TenantName": "DECEIT Library of Forbidden Texts",
  "TenantGroup": "DECEIT Library of Forbidden Texts",
  "TenantDirectory": "DECEIT_Library",
  "Description": "Requires more than 30 caster levels to enter the library. Certain Exceptions Apply",
  "OwnerName":  "headmistress",
  "Owner": {
    "userName": "headmistress",
    "fullName": "Mistress of DECEIT",
    "userEmail": "I_prank_my_students@deceit.hl",
    "password": "123",
    "admin": true
  },
  "adminList": [],
  "trainingList": []
}
